cls,aa,freq
Actinopteri,Ala,0.03733890036383009
Actinopteri,Arg,0.037338900363830155
Actinopteri,Asn,0.07030802778949753
Actinopteri,Asp,0.021972599946252926
Actinopteri,Cys,0.013541054865886677
Actinopteri,Gln,0.055142605807151815
Actinopteri,Glu,0.018833205794675355
Actinopteri,Gly,0.012752592743951933
Actinopteri,His,0.06433458172782364
Actinopteri,Ile,0.04332873051612757
Actinopteri,Leu,0.09651726010422572
Actinopteri,Lys,0.060262579740963565
Actinopteri,Met,0.0371380219285986
Actinopteri,Phe,0.02670219812963716
Actinopteri,Pro,0.10932627649708547
Actinopteri,Ser,0.09560281009845802
Actinopteri,Thr,0.11947718753497553
Actinopteri,Trp,0.011606340332506935
Actinopteri,Tyr,0.04332873051612757
Actinopteri,Val,0.025147395198393627
Amphibia,Ala,0.023086171751711317
Amphibia,Arg,0.023086171751711355
Amphibia,Asn,0.09326119917489692
Amphibia,Asp,0.020410911264566085
Amphibia,Cys,0.012374712726834719
Amphibia,Gln,0.05411295625717806
Amphibia,Glu,0.021499937115253883
Amphibia,Gly,0.009172502765045356
Amphibia,His,0.051371999020638125
Amphibia,Ile,0.05654233333290617
Amphibia,Leu,0.10006282499354323
Amphibia,Lys,0.09823715813386438
Amphibia,Met,0.05955915418228411
Amphibia,Phe,0.034280445533773844
Amphibia,Pro,0.05810533284117025
Amphibia,Ser,0.08436425473101418
Amphibia,Thr,0.10548495527781616
Amphibia,Trp,0.013034966543025436
Amphibia,Tyr,0.05654233333290617
Amphibia,Val,0.025409679269860156
Aves,Ala,0.02556223448778202
Aves,Arg,0.025562234487781957
Aves,Asn,0.10994673454634557
Aves,Asp,0.016375898844634574
Aves,Cys,0.0035145743697576584
Aves,Gln,0.09621510122254408
Aves,Glu,0.0208944228864327
Aves,Gly,0.005551188228493303
Aves,His,0.0754081016504043
Aves,Ile,0.023596626905260893
Aves,Leu,0.043295191164491084
Aves,Lys,0.14028381515964247
Aves,Met,0.03010753216843657
Aves,Phe,0.0050642777487072575
Aves,Pro,0.11770954345493491
Aves,Ser,0.05320945013825473
Aves,Thr,0.17162320287294866
Aves,Trp,0.004484334194064337
Aves,Tyr,0.023596626905260876
Aves,Val,0.007998908563822047
Lepidosauria,Ala,0.019067393976076208
Lepidosauria,Arg,0.01906739397607616
Lepidosauria,Asn,0.11055814048659549
Lepidosauria,Asp,0.015061440969830192
Lepidosauria,Cys,0.005898805090792527
Lepidosauria,Gln,0.07525805938434307
Lepidosauria,Glu,0.017517701565930594
Lepidosauria,Gly,0.0044382876737108345
Lepidosauria,His,0.0647056815447603
Lepidosauria,Ile,0.043300035052239665
Lepidosauria,Leu,0.07454078481246953
Lepidosauria,Lys,0.12858826154867248
Lepidosauria,Met,0.05036152207208249
Lepidosauria,Phe,0.016958434967097754
Lepidosauria,Pro,0.08191571609754013
Lepidosauria,Ser,0.06987816329890706
Lepidosauria,Thr,0.1399637409291035
Lepidosauria,Trp,0.006860798205369906
Lepidosauria,Tyr,0.04330003505223963
Lepidosauria,Val,0.012759603296162422
Mammalia,Ala,0.019931736910468064
Mammalia,Arg,0.019931736910468123
Mammalia,Asn,0.1105292806413698
Mammalia,Asp,0.015489365562241985
Mammalia,Cys,0.005777763937962721
Mammalia,Gln,0.07714685113218266
Mammalia,Glu,0.018360665258121318
Mammalia,Gly,0.00474367967137136
Mammalia,His,0.06508237922553926
Mammalia,Ile,0.04122906707911886
Mammalia,Leu,0.07128352732043278
Mammalia,Lys,0.13101835029474282
Mammalia,Met,0.04887179507142864
Mammalia,Phe,0.01537905577916389
Mammalia,Pro,0.08374809510551712
Mammalia,Ser,0.06854298578851131
Mammalia,Thr,0.14222923035772173
Mammalia,Trp,0.006848801468278088
Mammalia,Tyr,0.04122906707911889
Mammalia,Val,0.012626565406240766
