disease,sample,model,slope,intercept,ks_stat,ks_p,log_likelihood,rmse,spearman_corr,spearman_p,pearson_corr,pearson_p,kl_divergence,accuracy,f1_macro,f1_weighted,mut_count
ColoRect-AdenoCa,587376,neutral,0.24833,0.00501113,0.226667,0.000863433,-5.77705,0.00890692,0.643904,6.22464e-19,0.404436,2.85329e-07,0.526361,0.583279,0.532973,0.60007,7149
ColoRect-AdenoCa,587376,random,0.077059,0.00615294,0.308,0.000421927,-6.18938,0.0100495,0.172776,0.194311,0.15327,0.231975,0.937027,0.480596,0.435127,0.510102,7149
Skin-Melanoma,MELA_0260,neutral,0.523042,0.00317972,0.193333,0.00722668,-4.61686,0.0144459,0.639905,1.1949e-18,0.679766,1.13082e-21,0.478424,0.611898,0.585329,0.641434,6910
Skin-Melanoma,MELA_0260,random,0.0172237,0.00655184,0.718667,3.91914e-32,-6.04194,0.0197905,0.188112,0.0715274,0.0758512,0.341988,1.88956,0.238728,0.243187,0.26774,6910
ColoRect-AdenoCa,sysucc-919T,neutral,0.120085,0.0058661,0.273333,2.44551e-05,-5.81687,0.0123304,0.555685,1.57162e-13,0.24101,0.00296842,0.793382,0.479441,0.51144,0.505912,6273
ColoRect-AdenoCa,sysucc-919T,random,0.0143746,0.00657084,0.365333,3.36522e-05,-6.37869,0.0131749,0.00194508,0.448767,0.0317308,0.598528,1.35358,0.388395,0.409125,0.402662,6273
Skin-SCC,CSCC-27-T,neutral,0.533237,0.00311175,0.226667,0.000863433,-6.48589,0.0157092,0.613724,6.8117e-17,0.423268,6.79773e-08,1.66045,0.433882,0.467536,0.368806,6204
Skin-SCC,CSCC-27-T,random,0.0427738,0.00638151,0.520667,2.22729e-15,-6.17545,0.0131395,0.0957099,0.281022,0.115517,0.333887,1.35594,0.353091,0.31038,0.408944,6204
Skin-SCC,CSCC-31-T,neutral,0.520455,0.00319697,0.233333,0.000541396,-6.22176,0.01432,0.54743,4.1993e-13,0.441055,1.61428e-08,1.30954,0.470222,0.494411,0.432031,5767
Skin-SCC,CSCC-31-T,random,0.0521143,0.00631924,0.480667,4.98982e-10,-6.20814,0.0127048,0.103383,0.282078,0.125278,0.311279,1.29941,0.370378,0.348877,0.409263,5767
Head-SCC,V-98,neutral,0.432595,0.0037827,0.346667,2.16278e-08,-inf,0.0177714,0.708821,3.38948e-24,0.543389,6.72858e-13,inf,0.539041,,,5426
Head-SCC,V-98,random,0.00371431,0.0066419,0.743333,6.64202e-33,-6.2844,0.0207759,0.108199,0.168553,0.0119808,0.223404,2.22386,0.211153,0.178834,0.252336,5426
Head-SCC,V-112,neutral,0.89004,0.000733068,0.186667,0.0106031,-inf,0.00744079,0.607015,1.80859e-16,0.863326,8.33903e-46,inf,0.782355,,,5340
Head-SCC,V-112,random,0.0163857,0.00655743,0.600667,3.58489e-21,-6.20892,0.0145693,0.164814,0.205316,0.051581,0.227582,1.55566,0.287893,0.29569,0.32912,5340
ColoRect-AdenoCa,sysucc-1364T,neutral,0.108926,0.0059405,0.266667,4.24629e-05,-5.79733,0.0134185,0.570878,2.39462e-14,0.22858,0.00490132,0.87562,0.457895,0.474927,0.485961,4859
ColoRect-AdenoCa,sysucc-1364T,random,0.0199298,0.0065338,0.397333,1.29942e-07,-6.27677,0.0140192,0.106912,0.231288,0.0553482,0.546775,1.35382,0.385231,0.400847,0.398762,4859
Thy-AdenoCa,PTC-7C,neutral,0.554406,0.00297063,0.14,0.105738,-5.98453,0.00493941,0.642736,7.53741e-19,0.513102,1.90006e-11,0.215798,0.74681,0.750035,0.739301,4750
Thy-AdenoCa,PTC-7C,random,0.178924,0.00547384,0.126,0.296457,-6.23983,0.00612236,0.241991,0.0538038,0.182985,0.0859887,0.470092,0.655499,0.631336,0.635496,4750
Head-SCC,V-119,neutral,0.812337,0.00125109,0.16,0.0428317,-inf,0.00871794,0.605361,2.29298e-16,0.825456,1.38197e-38,inf,0.743148,,,4210
Head-SCC,V-119,random,0.0301373,0.00646575,0.656667,3.99413e-16,-6.25334,0.0152338,0.226828,0.113796,0.089061,0.321873,1.76132,0.266662,0.224628,0.319399,4210
ColoRect-AdenoCa,HT115,neutral,0.3127,0.004582,0.2,0.00485793,-5.74193,0.0098632,0.701547,1.55017e-23,0.405102,2.71612e-07,0.51763,0.588418,0.517153,0.607665,4096
ColoRect-AdenoCa,HT115,random,0.0505705,0.00632953,0.305333,1.85457e-05,-6.25119,0.0107168,0.0535317,0.395034,0.105523,0.30912,1.02557,0.465864,0.431019,0.501752,4096
Skin-BCC,5-PT037-T1,neutral,0.56856,0.00287626,0.22,0.00135788,-4.85627,0.013099,0.592937,1.30479e-15,0.692636,9.38757e-23,0.464778,0.619532,0.576685,0.66377,4061
Skin-BCC,5-PT037-T1,random,0.0324078,0.00645061,0.574667,5.21463e-17,-5.98008,0.0180067,0.200498,0.0680607,0.112233,0.353272,1.57696,0.294386,0.332169,0.311518,4061
ColoRect-AdenoCa,sysucc-311T,neutral,0.159125,0.00560583,0.293333,4.28492e-06,-5.7787,0.0101254,0.609756,1.21691e-16,0.323854,5.2837e-05,0.63874,0.534086,0.474476,0.557151,3753
ColoRect-AdenoCa,sysucc-311T,random,0.0184581,0.00654361,0.330667,3.53325e-05,-6.40841,0.0114813,0.139174,0.315061,0.0436435,0.490805,1.26621,0.435642,0.394849,0.453217,3753
Liver-HCC,CHC892T,neutral,0.705591,0.00196273,0.586667,2.92524e-24,-4.1871,0.00994697,0.698539,2.8683e-23,0.860727,3.03956e-45,0.203306,0.72411,0.244139,0.750897,3627
Liver-HCC,CHC892T,random,0.026302,0.00649132,0.758667,4.91295e-35,-5.99918,0.0195013,0.104251,0.211727,0.120563,0.14626,1.99373,0.188755,0.125886,0.268437,3627
ColoRect-AdenoCa,Gp2D,neutral,0.286295,0.00475804,0.233333,0.000541396,-6.39794,0.00880751,0.348388,1.24907e-05,0.267279,0.000944816,0.843773,0.544353,0.524704,0.508489,3597
ColoRect-AdenoCa,Gp2D,random,0.033414,0.00644391,0.177333,0.0483367,-6.30981,0.00834025,0.0598376,0.438074,0.0438131,0.434569,0.756251,0.569185,0.549965,0.588068,3597
Skin-BCC,5-VS017-T1,neutral,0.565873,0.00289418,0.193333,0.00722668,-4.89821,0.0130029,0.584327,4.17029e-15,0.691298,1.2233e-22,0.477329,0.621247,0.560906,0.667522,3365
Skin-BCC,5-VS017-T1,random,0.0175265,0.00654982,0.548,2.17036e-15,-6.20943,0.0181392,0.159208,0.137635,0.0557733,0.204158,1.77634,0.293479,0.323431,0.297058,3365
Skin-BCC,5-VS018-T1,neutral,0.572486,0.00285009,0.173333,0.0219027,-4.96474,0.0124772,0.582698,5.17566e-15,0.701258,1.64506e-23,0.456253,0.618448,0.571402,0.662543,3327
Skin-BCC,5-VS018-T1,random,0.00930926,0.0066046,0.555333,4.99622e-14,-6.36569,0.0177762,0.0554135,0.319653,0.026026,0.255933,1.84496,0.29923,0.341142,0.297456,3327
Lung-AdenoCa,31D-T,neutral,0.574329,0.00283781,0.12,0.230782,-5.81398,0.00533062,0.780299,5.67495e-32,0.630797,5.09502e-18,0.219601,0.749675,0.745052,0.748616,3265
Lung-AdenoCa,31D-T,random,0.0584094,0.00627727,0.198,0.0194655,-6.29043,0.00777105,0.172548,0.160246,0.0800219,0.327472,0.69359,0.56795,0.554054,0.55677,3265
ColoRect-AdenoCa,T2269,neutral,0.226649,0.00515567,0.226667,0.000863433,-5.77445,0.0108008,0.667694,1.04322e-20,0.333443,3.05092e-05,0.556005,0.573147,0.516663,0.593276,3274
ColoRect-AdenoCa,T2269,random,0.0783251,0.0061445,0.302667,1.75153e-05,-6.11667,0.0109231,0.184102,0.229781,0.182873,0.130718,0.898036,0.497659,0.450284,0.524285,3274
Skin-Melanoma,MELA_0006,neutral,0.551493,0.00299005,0.146667,0.0793098,-4.98316,0.0117959,0.692359,9.91584e-23,0.700415,1.95565e-23,0.401254,0.646537,0.615793,0.682472,3252
Skin-Melanoma,MELA_0006,random,0.0041506,0.006639,0.540667,7.63213e-13,-6.41024,0.0170426,0.0346608,0.166304,0.0224162,0.328658,1.81679,0.307978,0.349261,0.311213,3252
Skin-BCC,5-VS037-T3,neutral,0.576442,0.00282372,0.226667,0.000863433,-4.79283,0.0133424,0.603036,3.1931e-16,0.719481,3.35002e-25,0.479333,0.616918,0.502429,0.667904,3065
Skin-BCC,5-VS037-T3,random,0.00823749,0.00661175,0.600667,2.28185e-19,-6.3154,0.019504,0.138899,0.217785,0.0389323,0.257256,1.98636,0.265133,0.282836,0.27431,3065
Skin-BCC,5-VS037-T2,neutral,0.592795,0.0027147,0.193333,0.00722668,-4.71465,0.0133304,0.640666,1.05626e-18,0.727491,5.47866e-26,0.443288,0.616431,0.510877,0.659622,3037
Skin-BCC,5-VS037-T2,random,0.0141777,0.00657215,0.615333,1.26736e-21,-6.26728,0.0195824,0.144067,0.285298,0.05756,0.189657,1.98011,0.255637,0.278116,0.263392,3037
Skin-Melanoma,MELA_0253,neutral,0.465358,0.00356428,0.3,2.32924e-06,-4.69459,0.0155522,0.680242,1.0337e-21,0.633366,3.4012e-18,0.55571,0.574572,0.428691,0.61202,2957
Skin-Melanoma,MELA_0253,random,-0.00444837,0.00669632,0.658667,2.43727e-26,-6.33107,0.0205904,0.149263,0.103054,-0.0128901,0.366781,2.17834,0.224869,0.231377,0.241546,2957
Skin-Melanoma,MELA_0247,neutral,0.517064,0.00321958,0.24,0.000334734,-4.88692,0.0123734,0.581782,5.84053e-15,0.705873,6.3119e-24,0.442848,0.616307,0.520669,0.668788,2851
Skin-Melanoma,MELA_0247,random,0.0343703,0.00643753,0.584,7.59717e-20,-6.11487,0.0175173,0.216476,0.184175,0.123996,0.299544,1.65905,0.309218,0.326294,0.322243,2851
Skin-SCC,CSCC-44-T,neutral,0.371541,0.00418972,0.193333,0.00722668,-6.22207,0.0136277,0.493767,1.35784e-10,0.361068,5.6454e-06,1.25055,0.449483,0.445445,0.425409,2826
Skin-SCC,CSCC-44-T,random,0.0562449,0.0062917,0.436,2.37278e-10,-6.19245,0.0122844,0.213648,0.139257,0.133169,0.270053,1.22366,0.399801,0.363689,0.431626,2826
ColoRect-AdenoCa,T578,neutral,0.22101,0.00519327,0.22,0.00135788,-5.72886,0.0106887,0.691267,1.23076e-22,0.363881,4.71129e-06,0.592395,0.55943,0.452708,0.578956,2848
ColoRect-AdenoCa,T578,random,0.0455317,0.00636312,0.306,4.19617e-05,-6.31534,0.0117893,0.0834149,0.141028,0.10497,0.378587,1.17698,0.442103,0.404383,0.464805,2848
Skin-Melanoma,MELA_0209,neutral,0.49968,0.00333547,0.146667,0.0793098,-4.97844,0.0132659,0.654939,9.77827e-20,0.6559,8.29273e-20,0.48964,0.604705,0.556892,0.652145,2820
Skin-Melanoma,MELA_0209,random,0.0251974,0.00649868,0.586667,6.19404e-18,-6.03951,0.0175966,0.155479,0.31472,0.0937839,0.369425,1.54052,0.320455,0.351315,0.329214,2820
Skin-BCC,5-PT048-T1,neutral,0.535872,0.00309419,0.206667,0.00322073,-4.73933,0.0142376,0.576439,1.17374e-14,0.68378,5.27556e-22,0.510774,0.591424,0.491496,0.636358,2772
Skin-BCC,5-PT048-T1,random,0.0473218,0.00635119,0.643333,2.2491e-24,-5.9799,0.0190289,0.117792,0.380064,0.179517,0.311978,1.73913,0.286901,0.297602,0.312402,2772
Skin-SCC,CSCC-29-T,neutral,0.474609,0.0035026,0.253333,0.000122655,-6.23883,0.0142322,0.507374,3.44663e-11,0.418258,1.00427e-07,1.29404,0.46308,0.469301,0.440356,2754
Skin-SCC,CSCC-29-T,random,0.0736811,0.00617546,0.447333,2.3863e-12,-6.05846,0.0124449,0.238277,0.148733,0.182853,0.206595,1.1174,0.413538,0.382432,0.45066,2754
Skin-SCC,CSCC-49-T,neutral,0.453715,0.0036419,0.193333,0.00722668,-6.30593,0.0136728,0.421176,8.00675e-08,0.386533,1.03061e-06,1.25758,0.465306,0.48947,0.43804,2702
Skin-SCC,CSCC-49-T,random,0.0489761,0.00634016,0.438667,4.46251e-09,-6.17966,0.0116977,0.169527,0.0840502,0.124683,0.113542,1.13523,0.414469,0.399405,0.444327,2702
Skin-BCC,5-VS021-T1,neutral,0.568732,0.00287512,0.186667,0.0106031,-4.79695,0.0133989,0.620028,2.66354e-17,0.707106,4.8708e-24,0.46327,0.605972,0.521717,0.64818,2700
Skin-BCC,5-VS021-T1,random,0.00645319,0.00662365,0.580667,6.23253e-18,-6.39678,0.0193156,0.114359,0.205525,0.0233376,0.256516,2.04827,0.262921,0.299652,0.264607,2700
Skin-Melanoma,YUKLAB,neutral,0.456056,0.00362629,0.16,0.0428317,-6.25833,0.0117611,0.308713,0.000121229,0.430205,3.91862e-08,1.07856,0.523325,0.532477,0.491309,2702
Skin-Melanoma,YUKLAB,random,0.0227217,0.00651519,0.306,0.000209854,-6.34373,0.0116768,0.121032,0.236395,0.0494115,0.387462,1.16411,0.436484,0.440693,0.428437,2702
Skin-BCC,5-VS034-T1,neutral,0.574746,0.00283502,0.186667,0.0106031,-4.84904,0.012911,0.603371,3.04481e-16,0.704911,7.71727e-24,0.456177,0.63015,0.544308,0.673984,2638
Skin-BCC,5-VS034-T1,random,0.0257542,0.00649497,0.618667,6.86671e-22,-6.12601,0.0180772,0.207244,0.163168,0.11513,0.271021,1.72091,0.29458,0.31584,0.302792,2638
Skin-SCC,CSCC-7-T,neutral,0.464896,0.00356736,0.213333,0.00210586,-6.24061,0.0142877,0.478522,5.88335e-10,0.402817,3.21482e-07,1.29614,0.456706,0.451603,0.42632,2607
Skin-SCC,CSCC-7-T,random,0.0619389,0.00625374,0.482,5.04064e-12,-6.06752,0.0121818,0.168132,0.244918,0.168494,0.175216,1.12745,0.405491,0.377497,0.444133,2607
Skin-SCC,CSCC-11-T,neutral,0.450825,0.00366117,0.206667,0.00322073,-6.33655,0.0134415,0.388824,8.78137e-07,0.379979,1.61882e-06,1.24455,0.467488,0.475495,0.44296,2609
Skin-SCC,CSCC-11-T,random,0.0717976,0.00618802,0.410667,1.33338e-08,-6.10491,0.0111937,0.209605,0.133403,0.164517,0.162957,1.01724,0.444406,0.427359,0.473092,2609
ColoRect-AdenoCa,587342,neutral,0.626419,0.00249054,0.173333,0.0219027,-5.8119,0.0060819,0.692574,9.50329e-23,0.65058,2.05014e-19,0.364097,0.692403,0.537828,0.692445,2611
ColoRect-AdenoCa,587342,random,0.0712669,0.00619155,0.252,0.00594471,-6.35041,0.00846169,0.0619464,0.467227,0.105343,0.280089,0.899983,0.528574,0.45244,0.564761,2611
Skin-BCC,5-PT035-T1,neutral,0.595882,0.00269412,0.22,0.00135788,-4.88606,0.0125536,0.598379,6.1481e-16,0.720346,2.76296e-25,0.458375,0.61973,0.519779,0.661559,2422
Skin-BCC,5-PT035-T1,random,0.0113226,0.00659118,0.546667,1.23242e-15,-6.45893,0.0183236,0.200543,0.0917874,0.0348877,0.23724,2.01755,0.289648,0.297722,0.288772,2422
Skin-Melanoma,MELA_0176,neutral,0.527871,0.00314752,0.253333,0.000122655,-4.82379,0.0133288,0.534762,1.80278e-12,0.672693,4.21003e-21,0.469932,0.623544,0.48874,0.665766,2428
Skin-Melanoma,MELA_0176,random,0.00574465,0.00662837,0.588667,5.14735e-17,-6.38031,0.0183747,0.0789413,0.268521,0.0118602,0.359841,2.01429,0.261498,0.273872,0.27381,2428
Skin-BCC,5-VS024-T1,neutral,0.599565,0.00266956,0.206667,0.00322073,-4.83423,0.0122646,0.492629,1.51873e-10,0.732968,1.52998e-26,0.422982,0.63604,0.515768,0.68234,2319
Skin-BCC,5-VS024-T1,random,0.0447409,0.00636839,0.589333,1.08554e-15,-6.03566,0.0177504,0.176193,0.147241,0.163051,0.240457,1.61179,0.311502,0.306623,0.32994,2319
Skin-BCC,5-VS031-T1,neutral,0.569858,0.00286761,0.186667,0.0106031,-4.91651,0.012638,0.520325,8.82446e-12,0.704277,8.80799e-24,0.454107,0.608571,0.540714,0.652317,2315
Skin-BCC,5-VS031-T1,random,0.0239828,0.00650678,0.542,5.9806e-17,-6.1455,0.0178516,0.106092,0.367824,0.0829904,0.4059,1.67096,0.303386,0.340454,0.31285,2315
Skin-BCC,5-VS036-T1,neutral,0.553606,0.00297596,0.213333,0.00210586,-4.83709,0.0134796,0.542114,7.79724e-13,0.7061,6.0183e-24,0.47921,0.598965,0.493343,0.646766,2281
Skin-BCC,5-VS036-T1,random,0.0325906,0.0064494,0.582,6.2111e-18,-6.1138,0.018925,0.108148,0.26068,0.127681,0.222457,1.74239,0.295878,0.311317,0.307032,2281
Skin-BCC,5-VS010-T1,neutral,0.55543,0.0029638,0.293333,4.28492e-06,-4.63597,0.01446,0.49987,7.39606e-11,0.700245,2.02499e-23,0.518745,0.602881,0.458396,0.655419,2216
Skin-BCC,5-VS010-T1,random,0.00759993,0.006616,0.644,6.1862e-18,-6.28582,0.0205273,0.106536,0.286404,0.0289953,0.385569,2.15235,0.219355,0.228699,0.238396,2216
Skin-BCC,5-VS037-T7,neutral,0.599946,0.00266703,0.293333,4.28492e-06,-4.7629,0.0131593,0.560073,9.2176e-14,0.722477,1.71453e-25,0.466724,0.624769,0.454805,0.668756,2186
Skin-BCC,5-VS037-T7,random,0.0137688,0.00657487,0.603333,4.15239e-12,-6.26185,0.0191652,0.156917,0.252318,0.0545009,0.299275,1.95081,0.261808,0.269659,0.276437,2186
Thy-AdenoCa,PTC-28C,neutral,0.522998,0.00318001,0.08,0.724957,-5.97982,0.0047255,0.593374,1.22891e-15,0.528884,3.47337e-12,0.229213,0.754722,0.735662,0.745039,2173
Thy-AdenoCa,PTC-28C,random,0.234945,0.00510037,0.138667,0.227239,-6.29355,0.00616709,0.274463,0.0683024,0.233246,0.0655803,0.541714,0.657615,0.623567,0.635878,2173
ColoRect-AdenoCa,sysucc-1370T,neutral,0.372865,0.0041809,0.26,7.26842e-05,-5.23471,0.0128809,0.746645,5.49246e-28,0.570805,2.41714e-14,0.535647,0.601123,0.510435,0.619226,2126
ColoRect-AdenoCa,sysucc-1370T,random,-0.00830746,0.00672205,0.454667,4.91612e-11,-6.34182,0.0165323,0.11003,0.390209,-0.0223366,0.496675,1.63462,0.335623,0.351925,0.338127,2126
Skin-Melanoma,MELA_0248,neutral,0.527209,0.00315194,0.193333,0.00722668,-5.00034,0.0119731,0.584732,3.95143e-15,0.693058,8.63127e-23,0.441121,0.621856,0.554764,0.662288,2120
Skin-Melanoma,MELA_0248,random,0.0321449,0.00645237,0.582,2.16218e-18,-6.12339,0.0166885,0.1308,0.176744,0.106546,0.0810298,1.55385,0.331504,0.357944,0.33902,2120
Skin-BCC,5-VS035-T1,neutral,0.559768,0.00293488,0.313333,6.5874e-07,-4.71007,0.0140091,0.622843,1.73927e-17,0.706386,5.66725e-24,0.49425,0.608826,0.414598,0.659849,2117
Skin-BCC,5-VS035-T1,random,0.0029541,0.00664697,0.624,2.33355e-23,-6.39926,0.0201513,0.086135,0.339043,0.0129721,0.339203,2.16737,0.241365,0.25207,0.251442,2117
Skin-BCC,5-VS033-T1,neutral,0.606892,0.00262072,0.186667,0.0106031,-4.84149,0.0124778,0.504586,4.58704e-11,0.729788,3.22122e-26,0.443613,0.632575,0.52332,0.673872,2052
Skin-BCC,5-VS033-T1,random,0.0262776,0.00649148,0.612667,6.95586e-19,-6.07037,0.0182367,0.105321,0.31868,0.094985,0.21833,1.65895,0.290132,0.315692,0.306534,2052
Skin-SCC,CSCC-55-T,neutral,0.418879,0.00387414,0.26,7.26842e-05,-6.48069,0.0147266,0.409442,1.96532e-07,0.353079,9.34805e-06,1.54545,0.421899,0.385022,0.38796,2056
Skin-SCC,CSCC-55-T,random,0.0389335,0.00640711,0.473333,1.78713e-12,-6.2059,0.0123251,0.0821816,0.289608,0.0878838,0.370635,1.27575,0.373887,0.338159,0.419824,2056
Skin-SCC,CSCC-10-T,neutral,0.465601,0.00356266,0.206667,0.00322073,-6.20702,0.0137466,0.448789,8.41646e-09,0.410151,1.86345e-07,1.21986,0.461169,0.434949,0.438724,1971
Skin-SCC,CSCC-10-T,random,0.049065,0.00633957,0.432667,1.78505e-08,-6.29223,0.0122572,0.165519,0.16082,0.121153,0.283937,1.30813,0.39792,0.37385,0.426364,1971
Skin-BCC,5-VS030-T1,neutral,0.573018,0.00284655,0.233333,0.000541396,-4.86595,0.0126275,0.567465,3.68502e-14,0.72222,1.81625e-25,0.458997,0.600445,0.501853,0.646673,1945
Skin-BCC,5-VS030-T1,random,0.0138741,0.00657417,0.572,2.16265e-18,-6.4166,0.0185348,0.139117,0.153882,0.0583551,0.205745,1.9955,0.292865,0.317956,0.291049,1945
Skin-BCC,5-VS047-T1,neutral,0.556863,0.00295424,0.2,0.00485793,-4.93115,0.0131307,0.607643,1.65216e-16,0.68023,1.03616e-21,0.481375,0.615578,0.529995,0.650396,1939
Skin-BCC,5-VS047-T1,random,0.00473303,0.00663511,0.575333,1.50842e-16,-6.50855,0.0182224,0.0816752,0.26378,0.0280035,0.220045,2.04656,0.287032,0.316206,0.288236,1939
Skin-BCC,5-VS037-T1,neutral,0.610378,0.00259748,0.406667,1.77116e-11,-4.63336,0.0132876,0.557384,1.27932e-13,0.742479,1.54729e-27,0.46669,0.618172,0.361926,0.665445,1897
Skin-BCC,5-VS037-T1,random,0.0120619,0.00658625,0.648667,4.38483e-24,-6.22227,0.0200104,0.174047,0.0658352,0.0516642,0.414635,2.0384,0.246134,0.229445,0.271245,1897
ColoRect-AdenoCa,587284,neutral,0.390531,0.00406312,0.146667,0.0793098,-5.87582,0.00947479,0.634211,2.97511e-18,0.467235,1.66468e-09,0.576844,0.579681,0.547985,0.589534,1921
ColoRect-AdenoCa,587284,random,0.0492175,0.00633855,0.26,0.00216417,-6.20885,0.0105441,0.0486821,0.186407,0.0994428,0.234302,0.908234,0.496846,0.479214,0.517955,1921
ColoRect-AdenoCa,LS411,neutral,0.597171,0.00268553,0.153333,0.058682,-6.0754,0.00833891,0.56856,3.21087e-14,0.487452,2.51436e-10,0.609016,0.580112,0.476887,0.569632,1874
ColoRect-AdenoCa,LS411,random,0.0626365,0.00624909,0.205333,0.0204886,-6.28839,0.00848426,0.125682,0.187552,0.0914108,0.244703,0.821835,0.531247,0.473343,0.553221,1874
Skin-BCC,5-VS013-T1,neutral,0.584875,0.0027675,0.22,0.00135788,-4.87753,0.0124827,0.595462,9.21904e-16,0.728969,3.89464e-26,0.437671,0.61687,0.524105,0.666144,1863
Skin-BCC,5-VS013-T1,random,0.0360885,0.00642608,0.562,4.51088e-16,-6.17999,0.0181367,0.198919,0.205416,0.138882,0.180302,1.72684,0.313847,0.327027,0.321023,1863
Skin-Melanoma,SKCM-Ma-Mel-67-Tumor,neutral,0.516304,0.00322464,0.38,4.86872e-10,-4.68179,0.0148154,0.654353,1.08096e-19,0.658,5.7722e-20,0.503926,0.601537,0.38523,0.630384,1825
Skin-Melanoma,SKCM-Ma-Mel-67-Tumor,random,0.0092219,0.00660519,0.658667,6.93438e-19,-6.2021,0.0198118,0.171022,0.252837,0.0420446,0.397408,2.0111,0.243835,0.234155,0.267294,1825
Skin-Melanoma,MELA_0186,neutral,0.512907,0.00324729,0.373333,1.07216e-09,-4.70344,0.0140798,0.612291,8.40738e-17,0.669433,7.62387e-21,0.496951,0.608234,0.406199,0.648272,1814
Skin-Melanoma,MELA_0186,random,0.00667553,0.00662216,0.655333,1.20028e-24,-6.31359,0.0193425,0.0932423,0.478694,0.0336256,0.343958,2.0937,0.233694,0.23409,0.257818,1814
Skin-SCC,CSCC-16-T,neutral,0.580358,0.00279761,0.24,0.000334734,-6.1208,0.0113514,0.482116,4.1909e-10,0.463797,2.26824e-09,0.856663,0.515565,0.483098,0.485834,1808
Skin-SCC,CSCC-16-T,random,0.138305,0.00574463,0.28,0.00160953,-6.06503,0.00959452,0.247393,0.1015,0.259935,0.18968,0.803728,0.517638,0.470167,0.547468,1808
Skin-BCC,5-PT036-T1,neutral,0.557281,0.00295146,0.353333,1.0441e-08,-4.8209,0.0135667,0.624625,1.32503e-17,0.680838,9.23555e-22,0.503883,0.609063,0.394981,0.649722,1797
Skin-BCC,5-PT036-T1,random,-0.000394559,0.0066693,0.59,7.6645e-19,-6.59209,0.0188543,0.138592,0.233855,0.00104783,0.326624,2.26203,0.255222,0.254143,0.267613,1797
Skin-Melanoma,SKCM-Ma-Mel-114-Tumor,neutral,0.525467,0.00316355,0.3,2.32924e-06,-4.79982,0.0140023,0.662316,2.71605e-20,0.669968,6.91956e-21,0.513918,0.601834,0.461622,0.648624,1786
Skin-Melanoma,SKCM-Ma-Mel-114-Tumor,random,0.0142891,0.00657141,0.605333,9.33932e-21,-6.4478,0.0190025,0.0706551,0.257549,0.0549522,0.266785,2.14932,0.261649,0.272921,0.272327,1786
Skin-BCC,5-PT033-T1,neutral,0.571238,0.00285841,0.48,5.14507e-16,-4.5681,0.0143568,0.580348,7.05255e-15,0.711054,2.10546e-24,0.522018,0.605232,0.303929,0.653056,1772
Skin-BCC,5-PT033-T1,random,0.0083076,0.00661128,0.65,1.39996e-24,-6.31327,0.0206322,0.0973307,0.300581,0.0379938,0.224267,2.25037,0.211996,0.195174,0.242454,1772
Lung-AdenoCa,LUAD-YINHD,neutral,0.423362,0.00384425,0.14,0.105738,-5.76761,0.00736831,0.703504,1.03442e-23,0.533686,2.03472e-12,0.367443,0.667286,0.593367,0.677074,1756
Lung-AdenoCa,LUAD-YINHD,random,0.0839833,0.00610678,0.263333,0.00104401,-6.31754,0.00905152,0.116573,0.0893877,0.150447,0.063565,0.915214,0.525196,0.471663,0.539837,1756
Skin-BCC,5-VS056-T1,neutral,0.595707,0.00269529,0.246667,0.000204062,-4.87882,0.0124738,0.58734,2.7877e-15,0.721071,2.35017e-25,0.44106,0.621565,0.50352,0.659636,1743
Skin-BCC,5-VS056-T1,random,-0.00299644,0.00668664,0.556667,8.37793e-18,-6.44465,0.0184863,0.10336,0.33289,-0.00761212,0.307583,1.99264,0.278863,0.308847,0.27712,1743
Skin-BCC,5-VS022-T1,neutral,0.556267,0.00295822,0.366667,2.32488e-09,-4.69411,0.0142391,0.632284,4.0339e-18,0.689669,1.68527e-22,0.512162,0.604134,0.382451,0.653946,1748
Skin-BCC,5-VS022-T1,random,0.00205998,0.00665293,0.638,4.1688e-24,-6.19006,0.019938,0.120179,0.258386,0.0074127,0.437306,1.99328,0.234395,0.232739,0.25694,1748
Skin-Melanoma,MELA_0189,neutral,0.496559,0.00335627,0.433333,4.99553e-13,-4.66782,0.0145327,0.640934,1.01115e-18,0.666778,1.22976e-20,0.523926,0.601663,0.373647,0.64843,1742
Skin-Melanoma,MELA_0189,random,0.0320419,0.00645305,0.632667,2.33934e-20,-6.01023,0.019385,0.209389,0.130899,0.121844,0.275249,1.85376,0.259986,0.22218,0.294252,1742
Skin-Melanoma,SKCM-JWCI-WGS-7-Tumor,neutral,0.502886,0.0033141,0.24,0.000334734,-4.90618,0.0141809,0.575389,1.34424e-14,0.64566,4.66012e-19,0.523572,0.586375,0.492886,0.618301,1747
Skin-Melanoma,SKCM-JWCI-WGS-7-Tumor,random,0.0202789,0.00653147,0.576667,2.1647e-18,-6.15579,0.0185945,0.186754,0.0656495,0.0725763,0.204403,1.76218,0.298548,0.317349,0.306976,1747
Skin-BCC,5-PT049-T1,neutral,0.581535,0.00278977,0.24,0.000334734,-4.78959,0.0130881,0.598629,5.93762e-16,0.72932,3.59037e-26,0.439231,0.609344,0.474087,0.650615,1725
Skin-BCC,5-PT049-T1,random,-0.0040982,0.00669399,0.562,7.98822e-16,-6.49847,0.0196988,0.123536,0.218585,-0.0188055,0.171087,2.13147,0.272034,0.304813,0.267816,1725
Skin-SCC,CSCC-41-T,neutral,0.46701,0.00355327,0.24,0.000334734,-6.31177,0.0137892,0.389455,8.4005e-07,0.401002,3.67185e-07,1.30449,0.45318,0.401742,0.422827,1724
Skin-SCC,CSCC-41-T,random,0.0266441,0.00648904,0.403333,2.4286e-07,-6.31341,0.0122439,0.0799295,0.261064,0.0690393,0.357393,1.3093,0.39696,0.367189,0.426164,1724
Skin-Melanoma,MELA_0262,neutral,0.501247,0.00332502,0.22,0.00135788,-5.06257,0.0119935,0.611862,8.95209e-17,0.680893,9.14117e-22,0.447041,0.617961,0.509463,0.657008,1723
Skin-Melanoma,MELA_0262,random,0.0240344,0.00650644,0.464,2.18609e-09,-6.20586,0.0167724,0.162538,0.269416,0.0766525,0.256059,1.57985,0.342245,0.364838,0.346215,1723
Skin-BCC,5-PT052-T1,neutral,0.598087,0.00267942,0.273333,2.44551e-05,-4.8666,0.0128276,0.445261,1.13508e-08,0.71728,5.44905e-25,0.48152,0.606388,0.438255,0.646336,1697
Skin-BCC,5-PT052-T1,random,0.0160251,0.00655983,0.581333,1.82953e-17,-6.2346,0.0184686,0.0632625,0.175375,0.0583279,0.0947896,1.836,0.289309,0.312299,0.301107,1697
ColoRect-AdenoCa,WGS-MDA50ad-NT,neutral,0.0455192,0.00636321,0.286667,7.76892e-06,-6.30057,0.0104806,0.120809,0.140852,0.0647197,0.431372,1.01467,0.449003,0.438568,0.46628,1702
ColoRect-AdenoCa,WGS-MDA50ad-NT,random,0.122659,0.00584894,0.312667,3.37302e-05,-6.06733,0.00906714,0.256432,0.00476186,0.227511,0.0140755,0.783522,0.514971,0.457425,0.549407,1702
Skin-SCC,CSCC-20-T,neutral,0.67327,0.0021782,0.24,0.000334734,-6.07512,0.0114032,0.624648,1.32036e-17,0.506562,3.74689e-11,0.837755,0.535344,0.502459,0.498962,1701
Skin-SCC,CSCC-20-T,random,0.0771798,0.00615213,0.332,9.5423e-06,-6.26241,0.0101012,0.126768,0.344482,0.148285,0.251303,1.02727,0.472712,0.437192,0.505341,1701
ColoRect-AdenoCa,WGS-MDA51ad-NT,neutral,0.00922787,0.00660515,0.246667,0.000204062,-6.35451,0.0106642,0.0577026,0.483065,0.0124999,0.879331,1.0128,0.449695,0.474262,0.464702,1687
ColoRect-AdenoCa,WGS-MDA51ad-NT,random,0.107653,0.00594898,0.276,0.0197819,-6.21152,0.00914836,0.205367,0.0470503,0.195743,0.0924833,0.872051,0.516046,0.467144,0.540942,1687
Biliary-AdenoCa,Case4(CHCOSK005),neutral,0.552951,0.00298033,0.12,0.230782,-5.55951,0.00703168,0.768126,1.87636e-30,0.735281,8.84494e-27,0.29574,0.708349,0.626148,0.718492,1685
Biliary-AdenoCa,Case4(CHCOSK005),random,0.0949734,0.00603351,0.266667,0.023923,-6.16299,0.0106369,0.289183,0.0852515,0.199004,0.201991,0.894322,0.524394,0.49274,0.526107,1685
Skin-BCC,5-VS009-T1,neutral,0.557662,0.00294892,0.293333,4.28492e-06,-4.8421,0.0134711,0.573234,1.77317e-14,0.689013,1.91632e-22,0.49814,0.607878,0.442059,0.646741,1689
Skin-BCC,5-VS009-T1,random,0.0193025,0.00653798,0.558667,7.61386e-15,-6.13429,0.0187334,0.131646,0.270962,0.0729787,0.355738,1.77737,0.282298,0.301126,0.301117,1689
ColoRect-AdenoCa,CCK81,neutral,0.366969,0.00422021,0.2,0.00485793,-6.22021,0.00873577,0.542436,7.51323e-13,0.311093,0.000106705,0.70971,0.543656,0.489144,0.542569,1663
ColoRect-AdenoCa,CCK81,random,0.0315844,0.0064561,0.174,0.0441294,-6.44553,0.00851817,0.0100499,0.27098,0.0417467,0.406906,0.9353,0.515085,0.457534,0.54246,1663
ColoRect-AdenoCa,587222,neutral,0.283743,0.00477505,0.293333,4.28492e-06,-5.59736,0.0112983,0.692297,1.00385e-22,0.456813,4.20823e-09,0.642584,0.53323,0.403847,0.56233,1665
ColoRect-AdenoCa,587222,random,0.0235,0.00651,0.386667,4.9684e-07,-6.32111,0.0132416,0.0221455,0.240022,0.0572754,0.366832,1.36271,0.394277,0.367076,0.427357,1665
Skin-SCC,CSCC-56-T,neutral,0.458807,0.00360795,0.22,0.00135788,-6.26347,0.0135071,0.374884,2.28432e-06,0.400754,3.73881e-07,1.22112,0.467957,0.463133,0.455934,1642
Skin-SCC,CSCC-56-T,random,0.104221,0.00597186,0.383333,1.39117e-06,-5.96586,0.0112428,0.274458,0.0348655,0.254145,0.108848,0.927869,0.45352,0.431911,0.484757,1642
Skin-Melanoma,MELA_0251,neutral,0.490492,0.00339672,0.266667,4.24629e-05,-4.87117,0.0141731,0.51259,2.00491e-11,0.648221,3.04502e-19,0.545782,0.590768,0.44829,0.639782,1643
Skin-Melanoma,MELA_0251,random,0.0289114,0.00647392,0.614,7.61588e-15,-6.01416,0.0185451,0.154209,0.187056,0.109938,0.344716,1.6779,0.293279,0.31448,0.310623,1643
Skin-BCC,5-VS037-T6,neutral,0.590319,0.00273121,0.373333,1.07216e-09,-4.71714,0.0133181,0.517109,1.24437e-11,0.723191,1.45943e-25,0.482594,0.621543,0.378882,0.679306,1625
Skin-BCC,5-VS037-T6,random,0.0030697,0.0066462,0.618,6.38621e-21,-6.22671,0.0196636,0.0858769,0.422939,0.00396304,0.258276,1.97613,0.239941,0.24832,0.258968,1625
Skin-BCC,5-VS011-T1,neutral,0.59872,0.0026752,0.286667,7.76892e-06,-4.94706,0.0126621,0.521353,7.90039e-12,0.714295,1.04654e-24,0.522744,0.61319,0.448454,0.649022,1627
Skin-BCC,5-VS011-T1,random,0.0136182,0.00657588,0.604667,7.02951e-21,-6.19561,0.0181439,0.126053,0.180083,0.0530785,0.177817,1.75837,0.295405,0.294337,0.310361,1627
Skin-Melanoma,MELA_0166,neutral,0.548569,0.00300954,0.253333,0.000122655,-4.88587,0.0127421,0.538813,1.13889e-12,0.701039,1.7207e-23,0.451518,0.619988,0.467678,0.659492,1629
Skin-Melanoma,MELA_0166,random,0.00509507,0.0066327,0.555333,1.93924e-17,-6.3403,0.018348,0.0651448,0.33866,0.0181523,0.323438,1.8926,0.290816,0.315568,0.297844,1629
Skin-BCC,5-VS026-T1,neutral,0.577424,0.00281717,0.313333,6.5874e-07,-4.82134,0.012861,0.599246,5.44705e-16,0.705005,7.56768e-24,0.467974,0.616253,0.449042,0.666977,1629
Skin-BCC,5-VS026-T1,random,0.0189713,0.00654019,0.554667,3.08281e-13,-6.25289,0.0182815,0.139554,0.184226,0.0656651,0.281672,1.88667,0.274722,0.283047,0.287233,1629
Skin-SCC,CSCC-62-T,neutral,0.514637,0.00323575,0.26,7.26842e-05,-6.32222,0.013721,0.415081,1.28201e-07,0.424973,5.94365e-08,1.32725,0.454163,0.368302,0.420905,1618
Skin-SCC,CSCC-62-T,random,0.0680611,0.00621293,0.456667,1.19332e-10,-6.03352,0.0115639,0.208716,0.162921,0.180858,0.219281,1.04281,0.424777,0.36706,0.471734,1618
Skin-Melanoma,SKCM-Ma-Mel-65-Tumor,neutral,0.448516,0.00367656,0.386667,2.17688e-10,-4.75523,0.0159653,0.491211,1.74508e-10,0.6164,4.58395e-17,0.598091,0.578192,0.385866,0.61562,1611
Skin-Melanoma,SKCM-Ma-Mel-65-Tumor,random,0.0179746,0.00654684,0.624667,2.89727e-15,-6.36501,0.0203245,0.0990515,0.262254,0.0692244,0.197027,2.19584,0.250318,0.244127,0.267356,1611
Skin-Melanoma,MELA_0227,neutral,0.482635,0.0034491,0.24,0.000334734,-5.14396,0.0119924,0.619595,2.84289e-17,0.652098,1.58623e-19,0.485453,0.604572,0.526405,0.647732,1605
Skin-Melanoma,MELA_0227,random,0.00097693,0.00666015,0.488,4.89744e-12,-6.43053,0.0164366,0.11041,0.2977,0.00332033,0.222609,1.7624,0.336873,0.361231,0.331598,1605
Lung-AdenoCa,LUAD-5V8LT,neutral,0.50225,0.00331833,0.12,0.230782,-5.66366,0.00672496,0.773722,3.86043e-31,0.66828,9.38951e-21,0.259475,0.745319,0.685716,0.734078,1591
Lung-AdenoCa,LUAD-5V8LT,random,0.0447635,0.00636824,0.228,0.0115361,-6.25989,0.00991561,0.180865,0.254856,0.078818,0.407878,0.851658,0.532059,0.526726,0.521259,1591
Skin-BCC,5-VS042-T1,neutral,0.589521,0.00273653,0.346667,2.16278e-08,-4.70515,0.0134814,0.576966,1.09631e-14,0.726435,6.98108e-26,0.467331,0.612672,0.40131,0.654649,1579
Skin-BCC,5-VS042-T1,random,0.0353913,0.00643072,0.602667,6.93458e-19,-6.00269,0.0193544,0.149111,0.0602304,0.143524,0.165026,1.75002,0.280761,0.268756,0.31028,1579
Skin-BCC,5-PT046-T1,neutral,0.55713,0.00295247,0.373333,1.07216e-09,-4.76038,0.0136883,0.595363,9.34619e-16,0.696611,4.23809e-23,0.510697,0.599936,0.383488,0.647947,1560
Skin-BCC,5-PT046-T1,random,0.026242,0.00649172,0.611333,6.1862e-18,-6.03287,0.018974,0.208065,0.0764969,0.105273,0.381652,1.77,0.278272,0.26276,0.303528,1560
Biliary-AdenoCa,BD124T,neutral,0.435598,0.00376268,0.24,0.000334734,-5.35105,0.0105586,0.750631,2.00078e-28,0.624797,1.29045e-17,0.444901,0.618387,0.496062,0.638118,1547
Biliary-AdenoCa,BD124T,random,0.000924502,0.0066605,0.399333,3.35077e-05,-6.39996,0.0143183,0.0745976,0.324808,0.00638514,0.283001,1.48667,0.382046,0.370683,0.400409,1547
ColoRect-AdenoCa,sysucc-1317T,neutral,0.381103,0.00412598,0.206667,0.00322073,-5.58812,0.00886743,0.729308,3.60041e-26,0.612539,8.107e-17,0.391072,0.636308,0.570233,0.656129,1535
ColoRect-AdenoCa,sysucc-1317T,random,0.0313413,0.00645772,0.295333,0.00251445,-6.2493,0.0119593,0.141838,0.301502,0.0701967,0.304063,1.04732,0.473166,0.444731,0.477784,1535
Skin-Melanoma,ML_33_T_01,neutral,0.506862,0.00328759,0.24,0.000334734,-4.92574,0.0132384,0.584134,4.27854e-15,0.6717,5.04948e-21,0.463988,0.619957,0.518816,0.647978,1508
Skin-Melanoma,ML_33_T_01,random,0.00570289,0.00662865,0.552,8.53161e-18,-6.40125,0.018295,0.100922,0.347843,0.0221053,0.566875,1.92734,0.299639,0.319861,0.30083,1508
Skin-Melanoma,YULAN,neutral,0.446872,0.00368752,0.353333,1.0441e-08,-6.33716,0.0152835,0.332676,3.19017e-05,0.422082,7.4598e-08,1.64529,0.44716,0.327774,0.417912,1509
Skin-Melanoma,YULAN,random,-0.0202403,0.0068016,0.510667,5.11891e-14,-6.49636,0.014966,-0.0470548,0.20051,-0.0494272,0.254287,1.80538,0.278915,0.250864,0.325736,1509
Skin-Melanoma,MELA_0254,neutral,0.506164,0.00329224,0.326667,1.75644e-07,-4.95159,0.0133173,0.611796,9.03996e-17,0.655597,8.73516e-20,0.513983,0.609756,0.434834,0.652729,1483
Skin-Melanoma,MELA_0254,random,0.00565512,0.00662897,0.542,1.08721e-15,-6.29036,0.0179932,0.0958508,0.177148,0.0152776,0.415905,1.8416,0.291982,0.293201,0.301654,1483
AML,SNUH_G15_S1,neutral,0.407921,0.00394719,0.226667,0.000863433,-5.67985,0.00738367,0.722768,1.60577e-25,0.602484,3.45279e-16,0.355329,0.662057,0.613078,0.676108,1497
AML,SNUH_G15_S1,random,0.032348,0.00645101,0.278,0.00013985,-6.33871,0.0101496,0.152738,0.231941,0.0603819,0.40044,1.0105,0.481834,0.462194,0.482631,1497
Skin-SCC,CSCC-35-T,neutral,0.49297,0.0033802,0.226667,0.000863433,-6.36458,0.0134299,0.403619,3.03045e-07,0.404144,2.91546e-07,1.27543,0.455484,0.443567,0.4289,1473
Skin-SCC,CSCC-35-T,random,0.0436101,0.00637593,0.429333,3.21554e-09,-6.24406,0.0115698,0.109957,0.289766,0.104066,0.327274,1.15855,0.424301,0.400955,0.455327,1473
Skin-BCC,5-VS023-T1,neutral,0.575215,0.0028319,0.34,4.41294e-08,-4.80674,0.0132685,0.614792,5.81839e-17,0.718442,4.21677e-25,0.479485,0.603537,0.39099,0.6473,1468
Skin-BCC,5-VS023-T1,random,0.0028109,0.00664793,0.546667,4.9646e-10,-6.40855,0.0195415,0.0784371,0.183436,0.0255588,0.212467,2.06545,0.263201,0.279485,0.270227,1468
ColoRect-AdenoCa,T3021,neutral,0.488569,0.00340954,0.173333,0.0219027,-6.1316,0.00882951,0.525698,4.92938e-12,0.407142,2.33433e-07,0.650926,0.581189,0.510201,0.586245,1468
ColoRect-AdenoCa,T3021,random,0.116542,0.00588972,0.209333,0.0118414,-6.22885,0.00803213,0.160987,0.294235,0.179663,0.230185,0.749185,0.566362,0.505951,0.595132,1468
Breast-cancer,TK13_LCIS1,neutral,0.581363,0.00279092,0.12,0.230782,-5.71794,0.00669924,0.801048,8.4549e-35,0.617894,3.66864e-17,0.305642,0.706174,0.646652,0.708607,1445
Breast-cancer,TK13_LCIS1,random,0.0208631,0.00652758,0.296,0.00120091,-6.28346,0.00905219,0.19163,0.238336,0.0426237,0.334287,0.868302,0.508229,0.477651,0.509097,1445
Skin-Melanoma,1_PRE-TREATMENT,neutral,0.532988,0.00311342,0.24,0.000334734,-6.27416,0.0129055,0.406243,2.49588e-07,0.434045,2.873e-08,1.20375,0.462252,0.39956,0.428911,1452
Skin-Melanoma,1_PRE-TREATMENT,random,0.0709656,0.00619356,0.386667,2.119e-08,-6.27979,0.0111355,0.142534,0.194011,0.15059,0.269929,1.2127,0.437906,0.383843,0.477435,1452
CNS-LGG,Glio_20764/21423,neutral,0.738753,0.00174165,0.573333,4.09228e-23,-4.31978,0.00875942,0.691618,1.14822e-22,0.876632,7.10132e-49,0.215272,0.772565,,,1450
CNS-LGG,Glio_20764/21423,random,0.0242618,0.00650492,0.717333,3.33581e-30,-6.06254,0.0183023,0.0897975,0.239815,0.098626,0.196016,1.93821,0.215067,0.146237,0.290218,1450
ColoRect-AdenoCa,SNU-C4,neutral,0.573617,0.00284256,0.14,0.105738,-6.02676,0.00800571,0.621883,2.01233e-17,0.480561,4.85599e-10,0.522779,0.607515,0.525673,0.605685,1447
ColoRect-AdenoCa,SNU-C4,random,0.139402,0.00573732,0.200667,0.0185048,-6.17331,0.0077938,0.200915,0.0676697,0.197995,0.140802,0.669575,0.581623,0.522825,0.612066,1447
ColoRect-AdenoCa,T3724,neutral,0.424253,0.00383831,0.213333,0.00210586,-6.18572,0.00848117,0.527755,3.93362e-12,0.349439,1.17105e-05,0.666393,0.56244,0.476347,0.559772,1448
ColoRect-AdenoCa,T3724,random,0.0753912,0.00616406,0.233333,0.00342308,-6.22645,0.00782483,0.0994615,0.382696,0.106966,0.340069,0.70793,0.552759,0.484192,0.591717,1448
Eso-AdenoCa,ESO-859,neutral,0.35601,0.00429326,0.173333,0.0219027,-6.2411,0.0101339,0.539181,1.09201e-12,0.312838,9.71045e-05,0.836323,0.517512,0.45411,0.51074,1447
Eso-AdenoCa,ESO-859,random,0.078006,0.00614663,0.259333,0.00459985,-6.27017,0.00873457,0.11918,0.195432,0.140303,0.12209,0.867425,0.539035,0.480625,0.569817,1447
ColoRect-AdenoCa,sysucc-1397T,neutral,0.421197,0.00385869,0.246667,0.000204062,-5.41389,0.00963644,0.741722,1.8636e-27,0.649837,2.32282e-19,0.416124,0.639454,0.526569,0.659154,1403
ColoRect-AdenoCa,sysucc-1397T,random,0.00163125,0.00665579,0.388,2.2463e-08,-6.32546,0.0135036,0.1095,0.308758,0.0099956,0.291566,1.32084,0.410943,0.398052,0.418261,1403
Skin-Melanoma,MELA_0047,neutral,0.498692,0.00334205,0.413333,7.43554e-12,-4.78191,0.0141967,0.677312,1.79172e-21,0.657972,5.79978e-20,0.524409,0.604559,0.379892,0.648425,1401
Skin-Melanoma,MELA_0047,random,0.0253489,0.00649767,0.611333,7.43554e-13,-6.0541,0.0188208,0.186704,0.279031,0.0895229,0.311188,1.78497,0.278755,0.260305,0.305713,1401
Skin-BCC,5-NB016-T1,neutral,0.602012,0.00265325,0.326667,1.75644e-07,-4.78694,0.0124003,0.650814,1.97084e-19,0.740854,2.30541e-27,0.422465,0.63178,0.431521,0.679734,1378
Skin-BCC,5-NB016-T1,random,-0.00113135,0.00667421,0.602,2.73661e-24,-6.47737,0.0189559,0.100165,0.428487,-0.0011563,0.275186,2.09713,0.26834,0.273206,0.274655,1378
Biliary-AdenoCa,Case1(CHCOSK001),neutral,0.498185,0.00334543,0.0933333,0.532187,-5.61625,0.00744143,0.683548,5.51442e-22,0.70779,4.21653e-24,0.30387,0.682708,0.619088,0.68684,1368
Biliary-AdenoCa,Case1(CHCOSK001),random,0.0335432,0.00644305,0.234667,0.00426504,-6.39395,0.0114399,0.10599,0.264737,0.0674994,0.246946,1.07578,0.501857,0.503358,0.488632,1368
Skin-BCC,5-NB007-T1,neutral,0.604046,0.00263969,0.44,1.96583e-13,-4.62947,0.0132119,0.59629,8.22103e-16,0.743409,1.23011e-27,0.457869,0.61461,0.321751,0.650492,1356
Skin-BCC,5-NB007-T1,random,0.0211438,0.00652571,0.621333,1.86967e-17,-6.36611,0.0198867,0.13411,0.293824,0.0703277,0.315232,2.17754,0.247984,0.223107,0.272979,1356
Thy-AdenoCa,PTC-10C,neutral,0.439596,0.00373603,0.12,0.230782,-5.94156,0.00522206,0.60487,2.45947e-16,0.491838,1.64129e-10,0.262504,0.732642,0.68931,0.732558,1338
Thy-AdenoCa,PTC-10C,random,0.103509,0.00597661,0.140667,0.179158,-6.28671,0.00688521,0.170158,0.174019,0.122442,0.249437,0.606096,0.603899,0.566124,0.597014,1338
ColoRect-AdenoCa,587278,neutral,0.397522,0.00401652,0.246667,0.000204062,-5.82823,0.0122492,0.651727,1.68911e-19,0.424928,5.96499e-08,0.754647,0.531136,0.43634,0.530276,1343
ColoRect-AdenoCa,587278,random,0.0437682,0.00637488,0.336,4.09055e-05,-6.30423,0.0123129,0.0432566,0.299184,0.106578,0.292586,1.23058,0.422884,0.380278,0.449891,1343
Skin-Melanoma,SKCM-Ma-Mel-48-Tumor,neutral,0.53554,0.0030964,0.24,0.000334734,-5.18894,0.0118774,0.555493,1.60835e-13,0.658437,5.351e-20,0.504455,0.605695,0.489977,0.638573,1324
Skin-Melanoma,SKCM-Ma-Mel-48-Tumor,random,0.00834693,0.00661102,0.447333,8.45872e-10,-6.44089,0.0161169,0.0945463,0.321861,0.0390635,0.237504,1.74734,0.336853,0.345468,0.339538,1324
Skin-Melanoma,SKCM-JWCI-WGS-25-Tumor,neutral,0.544856,0.00303429,0.22,0.00135788,-5.14366,0.0121149,0.573429,1.72944e-14,0.674973,2.76687e-21,0.485685,0.616403,0.51148,0.661148,1320
Skin-Melanoma,SKCM-JWCI-WGS-25-Tumor,random,0.00274178,0.00664839,0.484667,3.20637e-13,-6.44092,0.0168529,0.0505903,0.198185,0.0158573,0.265887,1.77246,0.335133,0.366202,0.33164,1320
ColoRect-AdenoCa,LOVO,neutral,0.54631,0.0030246,0.213333,0.00210586,-6.07154,0.00969949,0.616024,4.84723e-17,0.436594,2.33336e-08,0.675882,0.546932,0.431941,0.547703,1307
ColoRect-AdenoCa,LOVO,random,0.101085,0.00599277,0.25,0.000421119,-6.22363,0.00865589,0.134223,0.29111,0.162968,0.224809,0.829451,0.537574,0.465871,0.577237,1307
Skin-BCC,5-VS045-T1,neutral,0.530443,0.00313038,0.273333,2.44551e-05,-4.94761,0.0133102,0.590481,1.82398e-15,0.668421,9.1536e-21,0.517471,0.587888,0.457334,0.645276,1290
Skin-BCC,5-VS045-T1,random,0.0187734,0.00654151,0.536,1.96609e-14,-6.1266,0.0179845,0.123942,0.16431,0.0737491,0.160272,1.68531,0.295837,0.31909,0.310201,1290
Skin-Melanoma,MELA_0221,neutral,0.476511,0.00348993,0.206667,0.00322073,-5.18347,0.0125392,0.566462,4.17866e-14,0.633407,3.37876e-18,0.509711,0.600581,0.524485,0.644924,1290
Skin-Melanoma,MELA_0221,random,0.0179125,0.00654725,0.438667,6.62252e-10,-6.19799,0.016538,0.176428,0.153606,0.0503374,0.239446,1.51536,0.360518,0.38189,0.358558,1290
Biliary-AdenoCa,BD114T,neutral,0.583027,0.00277982,0.106667,0.361727,-5.64941,0.006193,0.716202,6.90336e-25,0.750136,2.27046e-28,0.252519,0.728276,0.639614,0.740329,1278
Biliary-AdenoCa,BD114T,random,0.0768965,0.00615402,0.249333,0.0046094,-6.19641,0.00984361,0.222607,0.20515,0.156648,0.310666,0.79503,0.549047,0.517486,0.555536,1278
Skin-SCC,CSCC-40-T,neutral,0.593972,0.00270686,0.266667,4.24629e-05,-6.11504,0.011245,0.605419,2.27401e-16,0.462412,2.56699e-09,0.84964,0.522776,0.424013,0.494786,1272
Skin-SCC,CSCC-40-T,random,0.0508993,0.00632734,0.31,5.86674e-05,-6.24316,0.00996109,0.0697953,0.368052,0.112569,0.275517,0.979892,0.486579,0.447147,0.518897,1272
Skin-BCC,5-VS008-T1,neutral,0.595474,0.00269684,0.353333,1.0441e-08,-4.80884,0.0129575,0.547745,4.04658e-13,0.717557,5.12705e-25,0.486245,0.609493,0.383931,0.660113,1264
Skin-BCC,5-VS008-T1,random,-0.00758118,0.00671721,0.588,1.62579e-16,-6.46414,0.0190701,0.0461137,0.412759,-0.0225716,0.203282,2.12657,0.255791,0.266117,0.264397,1264
ColoRect-AdenoCa,LS174T,neutral,0.36241,0.0042506,0.166667,0.030839,-6.05124,0.00861967,0.597067,7.38096e-16,0.342334,1.80345e-05,0.552121,0.587922,0.551312,0.595087,1261
ColoRect-AdenoCa,LS174T,random,0.142748,0.00571502,0.213333,0.0275565,-6.15307,0.00775549,0.199127,0.189599,0.222866,0.0858748,0.655015,0.583216,0.513026,0.60642,1261
Skin-Melanoma,SKCM-JWCI-14-Tumor,neutral,0.527917,0.00314722,0.346667,2.16278e-08,-4.97694,0.0131251,0.604804,2.48291e-16,0.656774,7.13421e-20,0.5354,0.592872,0.409572,0.640779,1253
Skin-Melanoma,SKCM-JWCI-14-Tumor,random,-0.0127406,0.0067516,0.52,9.62097e-16,-6.49611,0.0180272,0.113177,0.142383,-0.0391089,0.364326,2.04298,0.266433,0.275955,0.26645,1253
Skin-BCC,5-VS038-T1,neutral,0.563629,0.00290914,0.413333,7.43554e-12,-4.82483,0.0132783,0.541145,8.71879e-13,0.699621,2.30054e-23,0.529557,0.589858,0.361467,0.63219,1253
Skin-BCC,5-VS038-T1,random,-0.000273135,0.00666849,0.556,1.49273e-15,-6.34821,0.01909,0.102585,0.314773,0.0050991,0.339226,2.03856,0.254004,0.251122,0.271446,1253
Skin-BCC,5-VS028-T1,neutral,0.560997,0.00292669,0.426667,1.24888e-12,-4.73863,0.013404,0.640149,1.14866e-18,0.699372,2.42067e-23,0.487373,0.611964,0.351014,0.656562,1252
Skin-BCC,5-VS028-T1,random,-0.00110669,0.00667404,0.566,2.16549e-18,-6.7655,0.0193141,0.0833258,0.163869,-0.00305029,0.217949,2.49946,0.241669,0.240952,0.259624,1252
Lung-AdenoCa,LUAD-CHTN-MAD06-00668,neutral,0.568446,0.00287703,0.1,0.442524,-5.80909,0.00625548,0.677069,1.87501e-21,0.615131,5.53395e-17,0.304912,0.711647,0.625313,0.720213,1239
Lung-AdenoCa,LUAD-CHTN-MAD06-00668,random,0.103223,0.00597851,0.254,0.00156423,-6.14861,0.00793627,0.184036,0.103658,0.175006,0.111745,0.642603,0.583979,0.540693,0.598057,1239
Skin-BCC,5-VS054-T1,neutral,0.567,0.00288666,0.36,4.9646e-09,-4.79113,0.0134786,0.509546,2.75353e-11,0.709607,2.86768e-24,0.515863,0.595551,0.396164,0.654856,1239
Skin-BCC,5-VS054-T1,random,0.0194631,0.00653691,0.562667,7.10306e-19,-6.33829,0.0193118,0.0843997,0.108,0.0714404,0.145282,2.04832,0.264328,0.27021,0.279099,1239
Skin-BCC,5-VS029-T1,neutral,0.588388,0.00274408,0.353333,1.0441e-08,-4.94666,0.0131582,0.565253,4.86002e-14,0.695648,5.14427e-23,0.527174,0.610869,0.380804,0.650306,1242
Skin-BCC,5-VS029-T1,random,0.0274371,0.00648375,0.518,2.92403e-15,-6.03209,0.018066,0.197992,0.209886,0.10539,0.276907,1.60088,0.316077,0.296024,0.335105,1242
ColoRect-AdenoCa,T3225,neutral,0.341468,0.00439022,0.22,0.00135788,-6.02692,0.0128032,0.62555,1.14971e-17,0.342466,1.78923e-05,0.858471,0.489024,0.396947,0.48724,1238
ColoRect-AdenoCa,T3225,random,0.0579536,0.00628031,0.298667,3.3638e-05,-6.25563,0.0116165,0.0803543,0.165579,0.133559,0.121323,1.08944,0.469546,0.425262,0.492651,1238
Skin-Melanoma,ME009T,neutral,0.622501,0.00251666,0.466667,3.99411e-15,-6.54125,0.0135761,0.494094,1.31478e-10,0.504826,4.47595e-11,1.72711,0.481323,0.210619,0.40004,1241
Skin-Melanoma,ME009T,random,0.0140093,0.00657327,0.519333,4.2422e-16,-6.2958,0.0127151,0.0684331,0.286025,0.0357574,0.355267,1.48352,0.334665,0.242452,0.403994,1241
ColoRect-AdenoCa,587332,neutral,0.434238,0.00377175,0.153333,0.058682,-6.10776,0.00790753,0.490531,1.86482e-10,0.441247,1.58879e-08,0.655818,0.605197,0.519984,0.596566,1237
ColoRect-AdenoCa,587332,random,0.029968,0.00646688,0.200667,0.0149308,-6.38902,0.00896505,0.0504679,0.199415,0.0457144,0.358633,0.935705,0.502213,0.45361,0.525516,1237
Skin-Melanoma,YUWAND,neutral,0.353072,0.00431286,0.266667,4.24629e-05,-6.2892,0.0148602,0.340888,1.96656e-05,0.351207,1.05e-05,1.43882,0.4389,0.396383,0.427447,1214
Skin-Melanoma,YUWAND,random,0.00744996,0.006617,0.457333,6.58836e-08,-6.29306,0.0137623,0.0256147,0.318597,0.0237275,0.479263,1.4452,0.347739,0.333274,0.376198,1214
Skin-SCC,CSCC-38-T,neutral,0.449113,0.00367258,0.266667,4.24629e-05,-6.43435,0.0139494,0.348365,1.25088e-05,0.382396,1.37212e-06,1.42874,0.438405,0.378941,0.4058,1206
Skin-SCC,CSCC-38-T,random,0.048928,0.00634048,0.400667,7.97674e-07,-6.21001,0.0119564,0.0959761,0.145197,0.112759,0.178341,1.20845,0.409812,0.374818,0.443101,1206
Skin-Melanoma,PD10021a,neutral,0.707058,0.00195295,0.466667,3.99411e-15,-4.58611,0.00976986,0.614841,5.77617e-17,0.826967,7.70612e-39,0.264132,0.720863,0.315112,0.729931,1204
Skin-Melanoma,PD10021a,random,-0.00092001,0.0066728,0.592667,2.41894e-17,-6.44578,0.0180689,0.113994,0.296803,0.00726395,0.346358,2.1061,0.232039,0.200931,0.267264,1204
Biliary-AdenoCa,BD72T,neutral,0.467836,0.00354776,0.3,2.32924e-06,-5.34629,0.0101826,0.776744,1.61296e-31,0.640944,1.0096e-18,0.460891,0.621874,0.455185,0.642119,1189
Biliary-AdenoCa,BD72T,random,-0.00753765,0.00671692,0.427333,8.92171e-09,-6.28821,0.0140598,0.0973181,0.276129,-0.0202736,0.370594,1.39567,0.371885,0.345139,0.390787,1189
Skin-Melanoma,MELA_0165,neutral,0.486536,0.00342309,0.373333,1.07216e-09,-4.85994,0.0134698,0.63885,1.41701e-18,0.669886,7.02384e-21,0.503869,0.597977,0.422791,0.641794,1190
Skin-Melanoma,MELA_0165,random,0.0151008,0.00656599,0.577333,3.99638e-16,-6.24079,0.0184691,0.120754,0.129571,0.0570341,0.138485,1.87253,0.278779,0.271692,0.293912,1190
Skin-BCC,5-VS017-T2,neutral,0.583047,0.00277969,0.313333,6.5874e-07,-4.93087,0.0122471,0.530064,3.04786e-12,0.719449,3.37355e-25,0.479314,0.609969,0.433272,0.664524,1189
Skin-BCC,5-VS017-T2,random,0.0205759,0.00652949,0.529333,7.4464e-13,-6.19769,0.0178352,0.0631721,0.15271,0.0710328,0.188712,1.73324,0.294572,0.303701,0.310731,1189
Skin-SCC,CSCC-60-T,neutral,0.435563,0.00376291,0.253333,0.000122655,-6.35621,0.0142439,0.34728,1.33673e-05,0.377044,1.97549e-06,1.36727,0.454878,0.385934,0.426519,1183
Skin-SCC,CSCC-60-T,random,0.0352898,0.0064314,0.414,7.86812e-07,-6.31448,0.0123843,0.0256743,0.439311,0.0828795,0.406784,1.32947,0.388645,0.362565,0.422205,1183
Skin-BCC,5-PT008-T1,neutral,0.584617,0.00276922,0.38,4.86872e-10,-4.87745,0.0129126,0.516791,1.28723e-11,0.711477,1.923e-24,0.512307,0.61202,0.360411,0.655751,1178
Skin-BCC,5-PT008-T1,random,0.0122582,0.00658495,0.545333,1.27794e-13,-6.3522,0.0185396,0.0712792,0.290587,0.0472257,0.274657,1.97348,0.280689,0.279884,0.301453,1178
ColoRect-AdenoCa,CRC-02T,neutral,0.471881,0.0035208,0.24,0.000334734,-5.47582,0.0087273,0.766462,2.97654e-30,0.64838,2.96511e-19,0.411464,0.625668,0.499349,0.648121,1176
ColoRect-AdenoCa,CRC-02T,random,-0.0142648,0.00676177,0.385333,4.88754e-09,-6.49808,0.0126172,0.0516244,0.375648,-0.0320717,0.325727,1.4274,0.395003,0.357286,0.408834,1176
Skin-BCC,5-PT010-T1,neutral,0.53707,0.0030862,0.446667,7.60967e-14,-4.8603,0.0135706,0.601735,3.8384e-16,0.687006,2.833e-22,0.569558,0.582751,0.322199,0.628392,1153
Skin-BCC,5-PT010-T1,random,0.0028084,0.00664794,0.55,2.08028e-17,-6.51026,0.0192014,0.0358352,0.33915,0.0142198,0.261018,2.20539,0.253231,0.239318,0.277001,1153
ColoRect-AdenoCa,sysucc-880T,neutral,0.43763,0.00374913,0.213333,0.00210586,-5.64969,0.00770555,0.688324,2.19219e-22,0.606763,1.87541e-16,0.416043,0.636304,0.523529,0.657673,1151
ColoRect-AdenoCa,sysucc-880T,random,-0.0156195,0.0067708,0.346,0.000322998,-6.34123,0.010908,0.0213012,0.205279,-0.0311468,0.377308,1.10303,0.440871,0.406661,0.46493,1151
Skin-BCC,5-VS023-T2,neutral,0.605662,0.00262892,0.286667,7.76892e-06,-4.95129,0.0119075,0.501851,6.05693e-11,0.725986,7.73696e-26,0.461759,0.616974,0.431457,0.665522,1154
Skin-BCC,5-VS023-T2,random,0.0185882,0.00654275,0.555333,7.43578e-13,-6.34664,0.017463,0.1107,0.259078,0.0730595,0.166559,1.8446,0.307192,0.316819,0.316452,1154
Skin-BCC,5-PT055-T1,neutral,0.553072,0.00297952,0.4,4.15239e-11,-4.76672,0.0135984,0.604186,2.71142e-16,0.694161,6.92947e-23,0.512845,0.592793,0.352651,0.639524,1145
Skin-BCC,5-PT055-T1,random,0.00644585,0.00662369,0.611333,4.25743e-21,-6.44883,0.019139,0.0956268,0.303401,0.0224442,0.172266,2.1811,0.250626,0.244396,0.263208,1145
Skin-Melanoma,MELA_0079,neutral,0.508575,0.00327617,0.366667,2.32488e-09,-4.98885,0.0119391,0.55626,1.46603e-13,0.699975,2.1402e-23,0.494342,0.613178,0.428828,0.668037,1144
Skin-Melanoma,MELA_0079,random,-0.0125198,0.00675013,0.533333,1.28203e-13,-6.50255,0.017581,0.0563468,0.276548,-0.038587,0.0847438,1.99531,0.277891,0.276556,0.282816,1144
Skin-SCC,CSCC-32-T,neutral,0.432562,0.00378292,0.22,0.00135788,-6.27619,0.0137173,0.431172,3.62516e-08,0.37852,1.78772e-06,1.23131,0.453104,0.391271,0.430372,1145
Skin-SCC,CSCC-32-T,random,0.0691488,0.00620567,0.378,2.43658e-07,-6.17459,0.0117254,0.147623,0.25978,0.159837,0.14026,1.13368,0.431162,0.386822,0.458595,1145
Skin-Melanoma,MELA_0181,neutral,0.527314,0.00315124,0.34,4.41294e-08,-4.93488,0.0127136,0.605431,2.27007e-16,0.678777,1.36201e-21,0.471472,0.624008,0.42692,0.6769,1135
Skin-Melanoma,MELA_0181,random,0.00452151,0.00663652,0.517333,2.36412e-14,-6.39875,0.0177542,0.0995475,0.311641,0.0122913,0.223829,1.92364,0.285656,0.284277,0.292511,1135
Head-SCC,V-124,neutral,0.201511,0.00532326,0.273333,2.44551e-05,-inf,0.0169761,0.572655,1.90948e-14,0.451754,6.52801e-09,inf,0.470279,,,1133
Head-SCC,V-124,random,0.002152,0.00665232,0.56,4.99794e-14,-6.18911,0.0195828,0.18798,0.17439,0.0140682,0.439518,1.83958,0.2816,0.255204,0.303552,1133
Skin-BCC,5-VS097-T1,neutral,0.580601,0.002796,0.273333,2.44551e-05,-5.05227,0.0120196,0.595745,8.86557e-16,0.701913,1.43764e-23,0.471474,0.619753,0.473159,0.668699,1121
Skin-BCC,5-VS097-T1,random,0.00874072,0.0066084,0.526667,5.79554e-15,-6.23129,0.0170505,0.181908,0.211604,0.0366174,0.29884,1.63931,0.330698,0.339329,0.323564,1121
Skin-SCC,CSCC-18-T,neutral,0.395386,0.00403076,0.213333,0.00210586,-6.26111,0.0129138,0.398637,4.36112e-07,0.346416,1.40903e-05,1.09565,0.472883,0.457078,0.449822,1119
Skin-SCC,CSCC-18-T,random,0.0695612,0.00620293,0.335333,0.000486788,-6.13837,0.0109165,0.168063,0.157119,0.155015,0.194959,0.976608,0.468475,0.446876,0.492703,1119
