Gene,Mut,ObsNum,ExpNum,MutSpec,MutSpec_q05,MutSpec_median,MutSpec_q95
ATP6,A>C,4.82915,49,0.00195764,0.00068341,0.00160563,0.00386044
ATP6,A>G,493.374,79,0.124053,0.115703,0.123299,0.133501
ATP6,A>T,14.6679,49,0.00594608,0.00389559,0.00566699,0.00829064
ATP6,C>A,25.3811,49,0.010289,0.00702226,0.0100734,0.0130406
ATP6,C>G,6.78884,49,0.00275207,0.000820217,0.00244224,0.00478338
ATP6,C>T,466.996,118,0.0786123,0.0739583,0.0790576,0.0873763
ATP6,G>A,356.466,14,0.505767,0.481288,0.504623,0.528235
ATP6,G>C,6.86393,8,0.0170429,0.00956094,0.0188084,0.0272893
ATP6,G>T,2.97999,8,0.00739919,0,0.0095737,0.0145092
ATP6,T>A,6.89871,21,0.00652542,0.00190104,0.00722745,0.0111087
ATP6,T>C,542.18,46,0.234124,0.216284,0.234996,0.247423
ATP6,T>G,5.84832,21,0.00553187,0.00340089,0.00563142,0.00926816
ATP8,A>C,0.980217,9,0.0020254,0,0,0.00426503
ATP8,A>G,148.146,23,0.119782,0.104681,0.11801,0.134795
ATP8,A>T,0.990028,9,0.00204567,0,0,0.00426778
ATP8,C>A,3.92231,12,0.00607844,0,0.00583962,0.00945473
ATP8,C>G,0.989795,12,0.00153389,0,0.00141425,0.00320233
ATP8,C>T,89.6431,23,0.0724804,0.060259,0.0724673,0.0858995
ATP8,G>A,74.0238,3,0.458861,0.411768,0.458221,0.514221
ATP8,T>C,145.056,8,0.337193,0.298395,0.338968,0.377196
ATP8,G>C,0,,0,0,0,0
ATP8,G>T,0,,0,0,0,0
ATP8,T>A,0,3,0,0,0,0
ATP8,T>G,0,3,0,0,0,0
COX1,A>C,24.2266,115,0.00366136,0.00204972,0.00365368,0.00476581
COX1,A>G,1339.21,184,0.126497,0.120715,0.12632,0.132024
COX1,A>T,34.1409,115,0.00515971,0.00359191,0.00530609,0.00675364
COX1,C>A,65.7617,98,0.0116626,0.00972469,0.0118728,0.0143229
COX1,C>G,3.92057,98,0.000695299,0.000335319,0.000696965,0.00137105
COX1,C>T,1050.72,253,0.0721793,0.0691168,0.0720843,0.0763886
COX1,G>A,728.293,27,0.468803,0.452243,0.469011,0.48259
COX1,G>C,7.75108,15,0.00898088,0.00445742,0.00916231,0.0137287
COX1,G>T,8.24783,15,0.00955644,0.00231325,0.00900666,0.0145769
COX1,T>A,17.3537,48,0.00628347,0.00414605,0.00626525,0.00913695
COX1,T>C,1486.04,93,0.277712,0.265544,0.277369,0.287135
COX1,T>G,24.33,48,0.00880946,0.00590381,0.00875977,0.0113961
COX2,A>C,9.67573,42,0.00349404,0.0014186,0.00350837,0.00561802
COX2,A>G,409.015,75,0.0827124,0.0777973,0.0819884,0.0886506
COX2,A>T,10.6917,42,0.00386092,0.00207103,0.00354213,0.00564044
COX2,C>A,23.0833,44,0.00795679,0.00533978,0.00788068,0.0107511
COX2,C>G,9.912,44,0.00341666,0.00136091,0.00336956,0.00547808
COX2,C>T,441.873,108,0.0620536,0.0571059,0.062467,0.0665897
COX2,G>A,646.282,16,0.612626,0.592067,0.61128,0.632202
COX2,G>C,1.97057,8,0.00373591,0,0.00373829,0.00754644
COX2,G>T,2.97167,8,0.00563384,0,0.00391844,0.0112133
COX2,T>A,5.5636,23,0.00366878,0.00125706,0.00350553,0.00601449
COX2,T>C,659.284,48,0.208317,0.192942,0.209628,0.224622
COX2,T>G,3.82761,23,0.00252402,0,0.00245781,0.00504644
COX3,A>C,14.2925,55,0.00409997,0.00255262,0.00427443,0.00589697
COX3,A>G,653.801,92,0.112123,0.104254,0.111476,0.118309
COX3,A>T,22.5294,55,0.00646284,0.00398587,0.00621339,0.00833582
COX3,C>A,30.1538,59,0.00806356,0.00628399,0.00794654,0.0111095
COX3,C>G,3.90969,59,0.0010455,0,0.00104504,0.00207561
COX3,C>T,541.38,124,0.0688837,0.0639109,0.0682634,0.0730015
COX3,G>A,617.682,18,0.541413,0.520508,0.545319,0.562979
COX3,G>C,2.95063,10,0.00465533,0,0.00464222,0.00938299
COX3,G>T,4.92485,10,0.00777015,0.00301598,0.00646664,0.012353
COX3,T>A,8.68354,12,0.011417,0.00489912,0.0102432,0.0155569
COX3,T>C,704.303,48,0.231502,0.214659,0.229451,0.245888
COX3,T>G,1.95034,12,0.00256427,0,0.00255687,0.00517558
CYTB,A>C,21.8724,88,0.00299776,0.00208747,0.00301836,0.00402838
CYTB,A>G,935.299,138,0.0817437,0.0771523,0.0815323,0.0865541
CYTB,A>T,27.1059,88,0.00371504,0.00284145,0.00371786,0.00482408
CYTB,C>A,72.7803,88,0.00997502,0.00821349,0.00999814,0.0115791
CYTB,C>G,16.5048,88,0.00226209,0.00129879,0.00217634,0.00314011
CYTB,C>T,968.856,208,0.0561796,0.0527976,0.0560588,0.0597796
CYTB,G>A,651.338,14,0.561127,0.542868,0.561084,0.577071
CYTB,G>C,5.91765,7,0.0101961,0.00344897,0.0102631,0.0167378
CYTB,G>T,4.81644,7,0.00829871,0.00308874,0.00958885,0.0134365
CYTB,T>A,3.94121,16,0.00297093,0.0014572,0.00298072,0.0058466
CYTB,T>C,1154.59,55,0.253191,0.238991,0.252803,0.265122
CYTB,T>G,9.74104,16,0.00734291,0.00431453,0.00733529,0.0106262
ND1,A>C,23.1346,70,0.00400799,0.00271756,0.00404182,0.00505327
ND1,A>G,655.296,117,0.0679227,0.0634163,0.067828,0.0722404
ND1,A>T,18.3989,70,0.00318755,0.00198638,0.00333237,0.00443716
ND1,C>A,44.2607,92,0.00583437,0.00401581,0.00593723,0.00729005
ND1,C>G,16.3531,92,0.00215564,0.00146947,0.00207847,0.00302547
ND1,C>T,704.326,179,0.0477182,0.0451633,0.0481985,0.0515594
ND1,G>A,889.731,17,0.634707,0.613878,0.636375,0.651062
ND1,G>C,12.5604,9,0.0169248,0.00785247,0.0159794,0.0233063
ND1,G>T,4.87801,9,0.006573,0.00245604,0.00781161,0.0106849
ND1,T>A,9.49004,16,0.00719302,0.00393261,0.00725607,0.0104072
ND1,T>C,678.362,42,0.195873,0.185263,0.196356,0.208693
ND1,T>G,10.4259,16,0.00790233,0.00428584,0.00740196,0.0117324
ND2,A>C,15.2905,64,0.00294241,0.00150921,0.00289662,0.00398763
ND2,A>G,728.465,127,0.0706425,0.0659628,0.0702177,0.0747756
ND2,A>T,15.2619,64,0.0029369,0.00180515,0.00289176,0.00388173
ND2,C>A,32.9498,84,0.00483098,0.00339679,0.00487002,0.0061306
ND2,C>G,7.67487,84,0.00112526,0.000494482,0.00114934,0.00170385
ND2,C>T,629.712,174,0.0445712,0.0415515,0.0446882,0.0476025
ND2,G>A,953.81,19,0.618257,0.603467,0.620013,0.636146
ND2,G>C,18.6672,11,0.0209001,0.0131429,0.0199834,0.0285129
ND2,G>T,4.91158,11,0.00549907,0.00215523,0.00648356,0.00877919
ND2,T>A,9.78119,30,0.00401543,0.00227824,0.00401914,0.00643088
ND2,T>C,1167.29,65,0.221171,0.208784,0.219854,0.233969
ND2,T>G,7.57036,30,0.00310782,0.000765736,0.00307503,0.00474773
ND3,A>C,10.6575,19,0.00790477,0.00434664,0.00751465,0.0117891
ND3,A>G,238.219,48,0.0699394,0.0621781,0.0706281,0.0797745
ND3,A>T,2.96992,19,0.00220281,0,0.00286704,0.00443306
ND3,C>A,10.7202,25,0.00604294,0.00328456,0.00646876,0.00887412
ND3,C>G,0.978582,25,0.000551625,0,0.000517799,0.00117475
ND3,C>T,218.375,57,0.0539901,0.0493019,0.0547816,0.061732
ND3,G>A,234.339,5,0.660482,0.63569,0.660672,0.684779
ND3,G>C,0.819357,2,0.00577337,0,0,0
ND3,T>C,366.17,27,0.19112,0.1774,0.194448,0.214165
ND3,T>G,0.990138,7,0.00199335,0,0,0.00424426
ND3,T>A,0,7,0,0,0,0
ND3,G>T,0,2,0,0,0,0
ND4,A>C,15.3614,104,0.00182317,0.00110956,0.00182449,0.00250741
ND4,A>G,1230.35,176,0.0862877,0.0811661,0.0862787,0.0909377
ND4,A>T,23.0035,104,0.00273018,0.00199018,0.00274309,0.0036518
ND4,C>A,71.4484,109,0.00809093,0.00676066,0.00805029,0.0095099
ND4,C>G,17.3755,109,0.00196763,0.00125679,0.0019437,0.00262286
ND4,C>T,1050.25,247,0.0524843,0.0502745,0.0527605,0.0557259
ND4,G>A,836.528,17,0.607384,0.593641,0.607689,0.620805
ND4,G>C,6.83365,10,0.00843499,0.00457503,0.00942614,0.0143185
ND4,G>T,0.980364,10,0.00121009,0,0,0.00246648
ND4,T>A,1.93184,32,0.000745166,0,0.000743701,0.00150564
ND4,T>C,1333.26,73,0.225436,0.21351,0.225693,0.23746
ND4,T>G,8.82994,32,0.00340596,0.00153169,0.00379446,0.00600845
ND4L,A>C,4.93173,24,0.00305203,0.0011538,0.00254317,0.00504357
ND4L,A>G,191.402,36,0.0789668,0.0684741,0.0797859,0.0901833
ND4L,A>T,5.83673,24,0.00361209,0.00121934,0.00358656,0.0060578
ND4L,C>A,7.5727,23,0.00489016,0.00127302,0.00482333,0.0070087
ND4L,C>G,4.82949,23,0.0031187,0.00119493,0.00261519,0.00504405
ND4L,C>T,176.093,52,0.0502966,0.041584,0.050069,0.0583718
ND4L,G>A,265.813,6,0.658,0.625361,0.660142,0.6885
ND4L,G>C,5.77536,5,0.0171558,0.0056445,0.0176178,0.0285102
ND4L,G>T,0.970225,5,0.00288206,0,0.00551658,0.00595852
ND4L,T>A,0.947277,4,0.00351737,0,0.00327289,0.00730376
ND4L,T>C,199.74,17,0.174508,0.157207,0.172688,0.194153
ND4L,T>G,0,4,0,0,0,0
ND5,A>C,36.9724,127,0.00370041,0.00281136,0.00365605,0.00451955
ND5,A>G,1532.41,213,0.0914475,0.0874568,0.0918005,0.096038
ND5,A>T,43.4843,127,0.00435215,0.00306217,0.00434268,0.00552548
ND5,C>A,76.0107,134,0.00721017,0.00583261,0.00712649,0.00839341
ND5,C>G,13.7561,134,0.00130487,0.000738553,0.00131517,0.00190583
ND5,C>T,1354.9,329,0.0523465,0.0501322,0.0524614,0.0556929
ND5,G>A,997.646,22,0.576407,0.562221,0.577453,0.588659
ND5,G>C,11.401,11,0.0131742,0.00697237,0.0135011,0.0193133
ND5,G>T,3.94006,11,0.00455287,0,0.00454893,0.00697347
ND5,T>A,10.7124,49,0.00277884,0.00147933,0.0025363,0.00399153
ND5,T>C,1904.45,101,0.239675,0.231332,0.238916,0.249848
ND5,T>G,11.7574,49,0.00304994,0.00156296,0.00302108,0.00460482
ND6,A>C,6.77625,20,0.00479591,0.00132059,0.00476215,0.00838047
ND6,A>G,468.116,35,0.18932,0.175544,0.191291,0.207838
ND6,A>T,7.65478,20,0.00541769,0.00268453,0.00572144,0.00826742
ND6,C>A,11.7666,3,0.0555189,0.029261,0.0554386,0.0747313
ND6,C>G,12.4676,3,0.0588267,0.028038,0.0549689,0.0807518
ND6,C>T,311.39,9,0.489748,0.457934,0.488235,0.524965
ND6,G>A,430.238,61,0.0998367,0.0897993,0.100814,0.110572
ND6,G>C,8.63618,33,0.00370441,0.00166667,0.00369907,0.00625566
ND6,G>T,3.70384,33,0.00158873,0,0.0015925,0.00301347
ND6,T>A,5.9111,31,0.0026991,0.000897778,0.00269104,0.00445415
ND6,T>C,533.718,88,0.0858501,0.0792331,0.0852918,0.0954069
ND6,T>G,5.89811,31,0.00269316,0.000897521,0.00272503,0.00453236
